InternetMessageID,SublimeFlaggedRuleName,
Fake thread with suspicious indicators,0198f34d-a5fd-764e-8666-c8d23b3602c7,<86CDEFC6-29BA-2348-B4D9-9F734456A294@hxcore.ol>
"Business Email Compromise (BEC) with request for mobile number, Business Email Compromise (BEC) attempt from untrusted sender, Employee impersonation with urgent request (untrusted sender), VIP impersonation with BEC language (near match, untrusted sender), VIP impersonation with urgent request (strict match, untrusted sender), VIP / Executive impersonation (strict match, untrusted)",0198f33e-fbfe-7676-8338-5f3f0fb9584a,<CAKq=c0WmpxiZ1FVGT14wwY4AmWq31b-cWTf-xO__J9nev4u4Ww@mail.gmail.com>
Request for Quote or Purchase (RFQ|RFP) with suspicious sender or recipient pattern,0198f328-1c8e-7c3d-be16-6293c1d9d3fb,<01010198f327edc9-1b387956-2acb-4fc8-a56b-abeb6c151bca-000000@us-west-2.amazonses.com>
Request for Quote or Purchase (RFQ|RFP) with suspicious sender or recipient pattern,0198f328-1c84-77c9-ab31-be6557899bf9,<01010198f327ed45-f227b12d-9e3b-404b-9c54-230c716407f8-000000@us-west-2.amazonses.com>
Request for Quote or Purchase (RFQ|RFP) with suspicious sender or recipient pattern,0198f328-1c50-7c54-9d99-8a8594992c41,<01010198f327ee4a-bbf0c305-0170-4036-b377-3408506fa6b2-000000@us-west-2.amazonses.com>
"Business Email Compromise (BEC) attempt from untrusted sender, Business Email Compromise (BEC) attempt from unsolicited sender",0198f2eb-7e61-7ee2-8be2-b79cf42d6061,<eba7428c-4804-461a-92f5-69fefcbefe77@iad4s13mta1505.xt.local>
"Business Email Compromise (BEC) attempt from untrusted sender, Business Email Compromise (BEC) attempt from unsolicited sender",0198edfc-71b0-7b64-9681-97792a445da9,<1cf22805-2d1a-445c-9c53-cf3cc1c3ecd9@iad4s13mta1511.xt.local>
"Business Email Compromise (BEC) attempt from untrusted sender, Business Email Compromise (BEC) attempt from unsolicited sender",0198ede0-1595-7e9e-b62f-fb1f112ef416,<55ff1c88-a513-474b-94c7-b18ea5ad5b49@iad4s13mta1511.xt.local>
"Business Email Compromise (BEC) attempt from untrusted sender, Business Email Compromise (BEC) attempt from unsolicited sender",0198e3e4-e40e-7487-a1ca-c710ebcc3454,<c6b26c5b-b8a0-4388-accf-1b3841a2d933@iad4s13mta1503.xt.local>
"Business Email Compromise (BEC) attempt from untrusted sender, Business Email Compromise (BEC) attempt from unsolicited sender",0198e3ad-9441-77be-9a33-f795e6c6acd4,<47209a62-2a65-4ebc-9b29-3235f34a2aee@iad4s13mta1505.xt.local>
"Attachment: Embedded Javascript in SVG file, Attachment: SVG files with evasion elements, Unusually long local part from untrusted sender address",0198f2e0-fbb3-74bd-9ba3-7f60f22e21da,<4d9e380c-161a-6cf8-2023-e672bb3aad5b@habitatinnovation.com.au>
Spam: Attendee list solicitation,0198f2de-6359-76b6-b291-173a95de46a9,<MAZPR01MB81478CDA6BCCC6222B4F8B66DF3BA@MAZPR01MB8147.INDPRD01.PROD.OUTLOOK.COM>
Spam: Attendee list solicitation,0198f2de-6336-7dad-b37b-c1ab73efb1e5,<MAZPR01MB81478CDA6BCCC6222B4F8B66DF3BA@MAZPR01MB8147.INDPRD01.PROD.OUTLOOK.COM>
Spam: Attendee list solicitation,0198f2de-632b-7e22-b613-445f25f3bde2,<MAZPR01MB81478CDA6BCCC6222B4F8B66DF3BA@MAZPR01MB8147.INDPRD01.PROD.OUTLOOK.COM>
Spam: Attendee list solicitation,0198f2de-62ff-77f6-af73-5a041127eb85,<MAZPR01MB81478CDA6BCCC6222B4F8B66DF3BA@MAZPR01MB8147.INDPRD01.PROD.OUTLOOK.COM>
Spam: Attendee list solicitation,0198f26d-9da7-773c-bd16-a27c04c2ec9b,<MA5P287MB4189C5AC7B6641E449F98E79C13BA@MA5P287MB4189.INDP287.PROD.OUTLOOK.COM>
Spam: Attendee list solicitation,0198f26d-9d56-7c18-8f7d-bd2706bc03da,<MA5P287MB4189C5AC7B6641E449F98E79C13BA@MA5P287MB4189.INDP287.PROD.OUTLOOK.COM>
Spam: Attendee list solicitation,0198f26d-9d3a-7b76-a49f-8bd45268d96a,<MA5P287MB4189C5AC7B6641E449F98E79C13BA@MA5P287MB4189.INDP287.PROD.OUTLOOK.COM>
Spam: Attendee list solicitation,0198f26d-9d3a-79fc-81d9-1e63f3816e85,<MA5P287MB4189C5AC7B6641E449F98E79C13BA@MA5P287MB4189.INDP287.PROD.OUTLOOK.COM>
Spam: Cryptocurrency airdrop/giveaway,0198f195-a3ce-7cdb-a445-d0bc696f8148,<20250828164211.3.04c8f18c638f5d59@mg-d0.substack.com>
Credential phishing content and link (untrusted sender),0198f0de-bee3-7578-a115-733635a95f48,<01.61.40868.1C950B86@i-0c4a0104f84e42fd8.mta2vrest.sd.prd.sparkpost>
Link: Secure SharePoint file share from new or unusual sender,0198f03c-b1bc-70cb-9d6e-e14fd8d5c2e1,"<Share-8e26c0a1-a066-5000-c04f-662c7128cced,8e26c0a1-a066-5000-c04f-662c7128cced-65ea1746-c38f-4fad-8d7e-8a4f65b0c632-r0-SendEmail-rh_ae-aid_9a2e53f5-9020-4b84-9897-006d69a66666@odspnotify>"
Spam: Attendee list solicitation,0198f036-6e7f-7da4-85d5-16a6e4225f10,<20250828122546.E2EA501FB1427956@devseoads.life>
Spam: Attendee list solicitation,0198eec7-86b8-7bb2-bbb1-543c8d5922da,<20250828054500.232505DB9E965472@devseoads.life>
Spam: Attendee list solicitation,0198eec7-839d-7911-93bf-911ab4c0287d,<20250828054500.9852501B3BBFE21D@devseoads.life>
Spam: Attendee list solicitation,0198e360-e558-704e-b388-7dd00c9f39b8,<20250826003703.C933F1719EF36C71@devseoads.life>
Spam: Attendee list solicitation,0198e360-e0e2-70fe-be21-e73da2fea2b1,<20250826003703.4068DF7C7C378F6A@devseoads.life>
Spam: Attendee list solicitation,0198e360-e08c-7b6e-ba43-b2f5e7916c1c,<20250826003703.C933F1719EF36C71@devseoads.life>
Spam: Attendee list solicitation,0198e360-dfdd-7995-94b5-9e599d98a738,<20250826003703.C933F1719EF36C71@devseoads.life>
Spam: Attendee list solicitation,0198e360-debe-70c9-a2cb-af5da529b13f,<20250826003703.4068DF7C7C378F6A@devseoads.life>
Spam: Attendee list solicitation,0198e360-ddb9-7b32-8a41-cdeba29e37e0,<20250826003703.C933F1719EF36C71@devseoads.life>
Spam: Attendee list solicitation,0198e360-dc00-703d-b2fc-f8d4a18aab74,<20250826003703.4068DF7C7C378F6A@devseoads.life>
Spam: Attendee list solicitation,0198e360-dace-797f-91a8-a6b9ab3f6847,<20250826003703.4068DF7C7C378F6A@devseoads.life>
Spam: Attendee list solicitation,0198e35c-427f-7e09-9177-5286a1769ee2,<20250826003200.6598F68289B3E23C@devseoads.life>
Spam: Attendee list solicitation,0198e0db-5947-78aa-ada0-d1c84f7791ff,<20250825125157.EEFB391CFD18DC5D@devseoads.life>
Spam: Attendee list solicitation,0198e0db-58fd-7b5b-b9d1-48265460b6e1,<20250825125157.EEFB391CFD18DC5D@devseoads.life>
Spam: Attendee list solicitation,0198e0db-57b3-7697-9fe1-287be632e8f5,<20250825125157.EEFB391CFD18DC5D@devseoads.life>
Spam: Attendee list solicitation,0198e0db-5676-7d2f-9b00-bde23d14fc64,<20250825125157.EEFB391CFD18DC5D@devseoads.life>
Spam: Attendee list solicitation,0198e0db-5508-71de-9ea3-3b555242ea88,<20250825125157.F78658EFB358E2F1@devseoads.life>
Spam: Attendee list solicitation,0198e0db-54ee-72e7-9ca3-20a519be2327,<20250825125157.F78658EFB358E2F1@devseoads.life>
Spam: Attendee list solicitation,0198e0db-5493-79d8-ad8b-ca95ff604e99,<20250825125157.F78658EFB358E2F1@devseoads.life>
Spam: Attendee list solicitation,0198e0db-53c9-7a05-be4d-03cd848fbdcb,<20250825125157.F78658EFB358E2F1@devseoads.life>
Spam: Attendee list solicitation,0198e0db-512d-7865-8b74-b1069332fc25,<20250825125156.4D1F089ED189B30E@devseoads.life>
Spam: Attendee list solicitation,0198e0db-512d-7dfb-8b91-60ccb8beddac,<20250825125156.4D1F089ED189B30E@devseoads.life>
Spam: Attendee list solicitation,0198e0db-5106-7f24-969a-3f82e35bc2e6,<20250825125156.4D1F089ED189B30E@devseoads.life>
Spam: Attendee list solicitation,0198e0db-509b-71a9-b278-bb1a5df33b93,<20250825125156.4D1F089ED189B30E@devseoads.life>
Spam: Attendee list solicitation,0198e02b-1b48-7841-9671-f643be88cd28,<20250825093926.DB182670003BDDEC@devseoads.life>
Fake thread with suspicious indicators,0198efa2-2c0e-7bdf-b366-c5590f64be06,<Z63Yxl1tSeyKsTufbZ0KAA.edIc3SvqEtuAYgD4UPrBcxs@sfdc.net>
Fake thread with suspicious indicators,0198ef92-51de-7110-80f4-9a7b74729733,<DiojE3uWSquIqG_od_TVOg.ctlCb-mnE1aPpmF34Em3Yhs@sfdc.net>
Fake thread with suspicious indicators,0198ef8e-6de7-780b-993b-1cfa3b320490,<n8uUIHUGRj2NS6kM9fmMew.Yj-BfluvH9meeNRcrOZtJBs@sfdc.net>
Fake thread with suspicious indicators,0198ef01-f715-7d90-9154-c9cf97db391a,<AL5W1cwySquVuQ12fc4gJA.3DscnoW0EkyaE7D4Wseqghs@sfdc.net>
Fake thread with suspicious indicators,0198eeb7-356a-7bac-a3d2-40e2df76181a,<PoZ0407bSMqwTi5asnjaNQ.T2R_atAWHtiSNYSFKnJipBs@sfdc.net>
Fake thread with suspicious indicators,0198edf0-e4b4-7515-bc13-88e45a95da4b,<AL5W1cwySquVuQ12fc4gJA.3DscnoW0EkyaE7D4Wseqghs@sfdc.net>
Fake thread with suspicious indicators,0198e8ca-2057-7463-9a11-6a08c7ee06e7,<cIDTZwZ3Tse9-Sr0uyQoGw.kWzb15DdHK-UTxJWlkQYQBs@sfdc.net>
Fake thread with suspicious indicators,0198e39e-33e7-7269-8a09-adf35ad604ca,<dQLImeH5QTKrXyTU8yC7Dw.H45H4CYeHAOyEF24Tb5rGBs@sfdc.net>
Fake thread with suspicious indicators,0198e399-4511-7340-be5f-d4ef68ecb250,<AXLInB4TTOOvHC3OwK0f1g.Pnn64Yd-EyWTL5hAO3V7sBs@sfdc.net>
Fake thread with suspicious indicators,0198df7f-138a-7eb2-81fa-7dd4590d87b9,<SKgXybysSGGeEcUNmf5Oug.z-IG0c2bFHq0YoP5y1YPHRs@sfdc.net>
Fake thread with suspicious indicators,0198d035-bd14-70b6-bb5e-4a3e575e578e,<mPqdNSPvSaaXs8T8F69S2w.oj3KQYu-FTSsm2hQkZKs-xs@sfdc.net>
Fake thread with suspicious indicators,0198ca35-f44c-7bff-9a85-3c491f2ded77,<AooqidUySR-eEqrskVMf0Q.vDfRenOjH66KOdAtr0G2Xxs@sfdc.net>
Fake thread with suspicious indicators,0198c9aa-4e1f-73a1-a18f-dd35681feec7,<01A4bTLsRxyFYqAZYXr61g.oVez7lWKG3mTj73cGVHMsBs@sfdc.net>
Fake thread with suspicious indicators,0198c97f-f62f-7e2c-af8b-ada17d31f748,<0p5qTFWURrmprfZzR_vyzw.B1bZV_nbGsOqYqBDplbI9Rs@sfdc.net>
Fake thread with suspicious indicators,0198c5d8-c3e8-7295-8970-ab60c59a2f2c,<VZweIZO6QOmXfFc3rxFxDw.JLNVEG1yGTizLL7l-h3ySBs@sfdc.net>
Fake thread with suspicious indicators,0198c4bf-1a65-73f8-8fcb-9db5be1d6d11,<ZvpTJ3zSSliMWuCq95OQMA.pxkuMCb7ETyPDDs4njfKhBs@sfdc.net>
Fake thread with suspicious indicators,0198c0a0-4de4-7b5e-8b8d-4861e92bf847,<TZTh1EeRRRqkx9Be8J9BbA.YLpHX68iHA6G0yIqyMfGnRs@sfdc.net>
Fake thread with suspicious indicators,0198bf78-ea3d-7804-ab7d-8ef580e4627e,<N0uGPiooRwaNfTgROMkkeg.gKOydsuvHPOAm11mKkb8Hxs@sfdc.net>
Fake thread with suspicious indicators,0198bbb8-052d-74d0-baee-870962db8c20,<cZNzrs4TR26PrglNPC-Fnw.Q8kQlx82GteRANM5w17HLhs@sfdc.net>
Fake thread with suspicious indicators,0198bbaa-d7bf-7f38-a960-80e6358f48e5,<sF5TF1_3Rxmqw2l_e69m-A.TZKiQSkYFoevexrOn3nNbxs@sfdc.net>
Fake thread with suspicious indicators,0198bba6-13bf-775f-8ea6-be569209b9ec,<yoX_HVKhQ--mjgH2HRUw1A.-EXlvbtSFSKoPVCanPbJyBs@sfdc.net>
Fake thread with suspicious indicators,0198bb92-d96a-73fa-9c68-9263ca08e174,<sr8Y03mpSKeKsbV80TKGng.su00if7KEfW7tQiPvmWOdxs@sfdc.net>
Fake thread with suspicious indicators,0198bb8e-98ca-7d68-9a05-7e563a728468,<Etka1NMCSm-ncf-c5UF6-A.kxzgFKKxEn63fDpNtVJILxs@sfdc.net>
Fake thread with suspicious indicators,0198bb4c-464a-70a1-b457-7bea1d1520ec,<r7LOtEgLSDG8_1MjFPftmA.Am9GLVzJGPyYSAiCppOo0Rs@sfdc.net>
Fake thread with suspicious indicators,0198b69a-f66f-7349-b56b-289c4c48ee39,<wPFbk9LqTDK6WET221j76Q.j88KHZrhFyCHCEZ0o0yt-Rs@sfdc.net>
VIP / Executive impersonation in subject (untrusted),0198ef6a-6363-7530-8114-3636f7a58107,<SY2PPF3A5462C095291641D76D636A93568F53BA@SY2PPF3A5462C09.AUSP300.PROD.OUTLOOK.COM>
Business Email Compromise (BEC) attempt from untrusted sender,0198ef68-273a-7dfb-b686-8ecaed19a574,<SEZPR04MB7765AAD7CE38B13CBC0DFD32D23BA@SEZPR04MB7765.apcprd04.prod.outlook.com>
Business Email Compromise (BEC) attempt from untrusted sender,0198ef68-256b-72ba-aa69-27cc0b751ee3,<SEZPR04MB7765AAD7CE38B13CBC0DFD32D23BA@SEZPR04MB7765.apcprd04.prod.outlook.com>
Business Email Compromise (BEC) attempt from untrusted sender,0198ef68-2564-7cba-bce0-07eb9354a0eb,<SEZPR04MB7765AAD7CE38B13CBC0DFD32D23BA@SEZPR04MB7765.apcprd04.prod.outlook.com>
Business Email Compromise (BEC) attempt from untrusted sender,0198ef68-2543-736a-a923-a49992cb996a,<SEZPR04MB7765AAD7CE38B13CBC0DFD32D23BA@SEZPR04MB7765.apcprd04.prod.outlook.com>
Credential phishing: Fake password expiration from new and unsolicited sender,0198ef67-bba8-7627-8e87-b954f1d5fa56,<b3075afb-0d75-4c9b-a5ee-68416d35e5a0@ME0P282MB5232.AUSP282.PROD.OUTLOOK.COM>
Request for Quote or Purchase (RFQ|RFP) with suspicious sender or recipient pattern,0198ef5e-0514-70c9-98f3-3c10338e045f,<gzX8hF-MStSvRD1GrzN-Mg@geopod-ismtpd-canary-0>
Request for Quote or Purchase (RFQ|RFP) with suspicious sender or recipient pattern,0198df61-be71-71b5-b3fa-4263ff433e4b,<_KydFHyPQHSC9nGDAk6JLw@geopod-ismtpd-7>
VIP / Executive impersonation in subject (untrusted),0198ef5d-8cbc-7aec-b36d-37eae92e7ce6,<SY2PPF3A5462C096AD1B5D7126E1F5494FAF53BA@SY2PPF3A5462C09.AUSP300.PROD.OUTLOOK.COM>
Link: Adobe share with suspicious indicators,0198ef5a-1fe8-7900-8625-700f50f36fbc,<01000198ef59a412-d78b0d3e-f0b0-4fa3-9162-33b8b3227789-000000@email.amazonses.com>
Fake thread with suspicious indicators,0198ef3d-e6e7-737a-903b-d15b579fb449,<DOCPRDAUSSEIS06eFUt0000306f@ausmtp.doc.ineight.com>
Fake thread with suspicious indicators,0198ef3d-e6c4-76bd-99f7-c55722af1033,<DOCPRDAUSSEIS06eFUt0000306f@ausmtp.doc.ineight.com>
Credential phishing link (unknown sender),0198ef25-0c97-79ac-bbe5-a1b7e2a6b971,<a734b317-6895-5f9f-a371-17ec8afacb88@pd1.sendpdr.com>
Credential phishing link (unknown sender),0198ef25-04bd-7ae7-ad73-751f7083027d,<2c5f7b8c-b6d3-5953-93b0-059d95e25b9e@pd1.sendpdr.com>
"Impersonation: Internal corporate services, Credential phishing: Fake password expiration from new and unsolicited sender",0198eedf-b3d0-7c02-8d0f-545ea8bf5bb5,<629793817.5070.1756354280817@app128185.mel201.service-now.com>
Suspicious newly registered reply-to domain with engaging financial or urgent language,0198eedb-7217-79bb-93d8-9887f9d61f76,<01010198eedb4954-8eba4ce6-f740-4df8-b28f-506adfc6eefd-000000@us-west-2.amazonses.com>
Suspicious newly registered reply-to domain with engaging financial or urgent language,0198eed9-aa0b-7002-be0a-ce833d18173a,<01010198eed9885a-d5bfe5f5-0bf7-4717-b347-1399a78e2325-000000@us-west-2.amazonses.com>
Suspicious newly registered reply-to domain with engaging financial or urgent language,0198eed8-19eb-70b3-b189-2c1bafd2232b,<01010198eed7fd6b-c2caf331-abcf-4a2e-9dca-ec400a374f65-000000@us-west-2.amazonses.com>
Suspicious newly registered reply-to domain with engaging financial or urgent language,0198eed7-455e-7e99-acae-4bfaff7dd22f,<01010198eed71b6d-88d46f2c-f104-476a-9868-f6e5218f10a3-000000@us-west-2.amazonses.com>
Suspicious newly registered reply-to domain with engaging financial or urgent language,0198eed6-3004-7064-8369-6cfe3ce249a0,<01010198eed60f55-5ee5a426-c4cd-41f8-86a8-dfab66326ac1-000000@us-west-2.amazonses.com>
Suspicious newly registered reply-to domain with engaging financial or urgent language,0198eed2-6058-7140-b45b-46423b003618,<01010198eed231c8-edba0969-9c5c-431d-a105-ea0d68b88b88-000000@us-west-2.amazonses.com>
Suspicious newly registered reply-to domain with engaging financial or urgent language,0198edf1-7bfc-7bbb-b622-60f3653152b9,<01010198edf14b97-9a6e1882-0511-4a8f-b29e-18709b44d6e9-000000@us-west-2.amazonses.com>
Suspicious newly registered reply-to domain with engaging financial or urgent language,0198eded-c92a-7e22-ac6b-e8f08e734eeb,<01010198ededac08-ee1d38a8-a6f6-4713-b205-5b6f7dbfb9c2-000000@us-west-2.amazonses.com>
Suspicious newly registered reply-to domain with engaging financial or urgent language,0198edec-aac5-74a0-8df7-7088f67f226a,<01010198edec8c61-9731fe9b-d168-43dd-9370-1a9ebdec7e64-000000@us-west-2.amazonses.com>
Suspicious newly registered reply-to domain with engaging financial or urgent language,0198eddc-cc88-78ee-a170-c35c686cc5b2,<01010198eddca647-88141088-0fba-40e3-8537-3b0bd74741e9-000000@us-west-2.amazonses.com>
Suspicious newly registered reply-to domain with engaging financial or urgent language,0198edda-28d3-7042-bb6d-9c63eb2c7d9a,<01010198edda06eb-81a25062-0823-4ea7-86d5-59bb85b80064-000000@us-west-2.amazonses.com>
Credential phishing: Fake password expiration from new and unsolicited sender,0198eedb-5d6c-7746-a8ab-94f6bbb9a41e,<d94da2b1-449e-40c3-abd6-d99ca32edd38@SY7P282MB5113.AUSP282.PROD.OUTLOOK.COM>
"Credential phishing: DocuSign embedded image lure with no DocuSign domains in links, Brand impersonation: DocuSign, Unusually long local part from untrusted sender address, Fake thread with suspicious indicators, Credential phishing language and suspicious indicators (unknown sender)",0198ee95-9980-727b-ab9c-7dc26b09657e,<39a721bf-1113-f1a9-dd16-82cf40fc34c5@savo.ch>
Suspicious newly registered reply-to domain with engaging financial or urgent language,0198ee7e-6b2e-7ef2-9681-b6e42fc65b51,<01010198ee7e42dd-9c69d135-af1b-4bd3-94d1-535ebde0c923-000000@us-west-2.amazonses.com>
Suspicious newly registered reply-to domain with engaging financial or urgent language,0198ee7b-bc9e-7f2f-adbf-f89f54aa7800,<01010198ee7b94bd-d39b6d53-9f16-4827-a96d-37542fbab788-000000@us-west-2.amazonses.com>
Suspicious newly registered reply-to domain with engaging financial or urgent language,0198ee7b-b0b6-7858-b4fb-efe54410ed60,<01010198ee7b8715-a8e149e7-fd6c-470a-979d-f8f7dc26a16f-000000@us-west-2.amazonses.com>
Suspicious newly registered reply-to domain with engaging financial or urgent language,0198ee7a-c1c3-7c29-bb13-75b44fb4a241,<01010198ee7a9092-88aabc96-c328-4b3b-9959-827fa720cf56-000000@us-west-2.amazonses.com>
Suspicious newly registered reply-to domain with engaging financial or urgent language,0198ee79-1bb3-7c0b-8be3-313b8f1c274b,<01010198ee78fce2-730f3a2e-d807-48c4-9942-fe46df62ab6d-000000@us-west-2.amazonses.com>
Suspicious newly registered reply-to domain with engaging financial or urgent language,0198ee78-d266-7373-8b1b-7f92d630286b,<01010198ee78aa7e-0605e198-922e-4ad1-9908-550949391860-000000@us-west-2.amazonses.com>
Predatory Academic Journal Solicitation,0198ee79-f6d7-7d07-af7d-c691c5df9ded,<F9dSGYrOQvu1JKjZyhPUQQ@geopod-ismtpd-3>
Credential phishing: Suspicious e-sign agreement document notification,0198ee5b-6f8a-736b-9426-0a2f095694e4,"<SpoImmediateAlert-7f84689a-4570-4bc1-9ea8-56ab0f9aa9a2,7f84689a-4570-4bc1-9ea8-56ab0f9aa9a2-fe8d608e-3a3a-49bb-89a8-83c57c8465a5-r0-SendEmail-rh_ae-aid_a93b338f-5103-4055-a6c9-3027ed146552@odspnotify>"
Credential phishing: Suspicious e-sign agreement document notification,0198edfa-f3a1-77f2-80f1-e6aadb3f9855,"<SpoImmediateAlert-7f84689a-4570-4bc1-9ea8-56ab0f9aa9a2,7f84689a-4570-4bc1-9ea8-56ab0f9aa9a2-83a8468c-3e8e-437e-9555-8aeee53485b7-r0-SendEmail-rh_ae-aid_7682d3b9-38c1-49e2-a209-1dbda1b8eb30@odspnotify>"
Credential phishing: Suspicious e-sign agreement document notification,0198edf6-819d-7732-8ee1-754d4612a87a,"<SpoImmediateAlert-63cd5d5d-626a-47f6-af27-8e16153e36e4,63cd5d5d-626a-47f6-af27-8e16153e36e4-fa279c49-78b8-46ac-a234-e02639367087-r0-SendEmail-rh_ae-aid_7ed30fae-40dd-42b4-9a66-8a428cf7fd81@odspnotify>"
Credential phishing: Suspicious e-sign agreement document notification,0198edf6-225a-78f9-b9e0-c2444602873a,"<SpoImmediateAlert-6a8a4ecc-c45c-4ea4-a95a-41131161c22b,6a8a4ecc-c45c-4ea4-a95a-41131161c22b-1e4d12c7-cb7d-481f-961e-56562377b15f-r0-SendEmail-rh_ae-aid_b018c65a-dbfa-49f1-bd72-e24855af3772@odspnotify>"
Credential phishing: Suspicious e-sign agreement document notification,0198edf5-23bc-7261-9156-e094a5f8c757,"<SpoImmediateAlert-5372c855-b0b7-47c3-8015-ff20d42c10e0,5372c855-b0b7-47c3-8015-ff20d42c10e0-d12ec4d2-40ae-49aa-96c9-9caba59488bb-r0-SendEmail-rh_ae-aid_ec01b4be-3868-4594-b236-413fb2020528@odspnotify>"
Credential phishing: Suspicious e-sign agreement document notification,0198edf5-0623-74e3-a1aa-76827dba5f28,"<SpoImmediateAlert-5372c855-b0b7-47c3-8015-ff20d42c10e0,5372c855-b0b7-47c3-8015-ff20d42c10e0-ebdc27b2-874d-4d2e-b6f4-81c633ecaa6c-r0-SendEmail-rh_ae-aid_a9b1934f-e43d-4cac-9f6b-cc6443d3d568@odspnotify>"
Credential phishing: Suspicious e-sign agreement document notification,0198edf5-050c-7c3d-845e-d07f968726bc,"<SpoImmediateAlert-5372c855-b0b7-47c3-8015-ff20d42c10e0,5372c855-b0b7-47c3-8015-ff20d42c10e0-435721d5-c412-41cd-871d-381914de290f-r0-SendEmail-rh_ae-aid_f6118b4d-25bb-4377-944e-8b937e2df604@odspnotify>"
Credential phishing: Suspicious e-sign agreement document notification,0198edf4-f763-7d6d-a46d-9cc3eb37e053,"<SpoImmediateAlert-5372c855-b0b7-47c3-8015-ff20d42c10e0,5372c855-b0b7-47c3-8015-ff20d42c10e0-d1ec23fc-2813-49b9-9f57-6bd1a0bb9669-r0-SendEmail-rh_ae-aid_bc7f391f-ff11-4a47-a92e-cee1b6b774d4@odspnotify>"
Credential phishing: Suspicious e-sign agreement document notification,0198edf4-f2b9-79a3-898b-b8d00ae2383a,"<SpoImmediateAlert-5372c855-b0b7-47c3-8015-ff20d42c10e0,5372c855-b0b7-47c3-8015-ff20d42c10e0-042b1015-94c8-4825-a9b5-6c03907c99e6-r0-SendEmail-rh_ae-aid_73b4ba3b-ddcb-47d0-9a3b-3a7ff1264cb3@odspnotify>"
Credential phishing: Suspicious e-sign agreement document notification,0198edf4-ea4b-79bb-9ef0-bc16a6f40612,"<SpoImmediateAlert-5372c855-b0b7-47c3-8015-ff20d42c10e0,5372c855-b0b7-47c3-8015-ff20d42c10e0-e6223f15-8aa5-45f2-a0c2-f0ae0a01db3b-r0-SendEmail-rh_ae-aid_ea4a7b9b-dc75-4972-85b3-76944d78db75@odspnotify>"
Credential phishing: Suspicious e-sign agreement document notification,0198edf4-dfa7-733b-b95d-f6bc57cd7d71,<SpoImmediateAlert-f015d4c2-9a66-4f49-824a-a876286254db-94cd3166-32b8-4395-9d9a-f72028d74555-r0-SendEmail-rh_ae-aid_7f864e67-c2ec-49b7-9e09-b4dace617622@odspnotify>
Credential phishing: Suspicious e-sign agreement document notification,0198edf4-dc1f-73f8-89b5-ea95ac4a5289,"<SpoImmediateAlert-5372c855-b0b7-47c3-8015-ff20d42c10e0,5372c855-b0b7-47c3-8015-ff20d42c10e0-852f3bde-a362-44f6-a64c-eb95cde64d96-r0-SendEmail-rh_ae-aid_619792af-bac6-432f-b0d1-8f5627e5aa22@odspnotify>"
Credential phishing: Suspicious e-sign agreement document notification,0198edf4-d547-721c-a973-e36e52fc56b1,"<SpoImmediateAlert-5372c855-b0b7-47c3-8015-ff20d42c10e0,5372c855-b0b7-47c3-8015-ff20d42c10e0-d3e90aea-5e39-410f-8912-6a4defebcdde-r0-SendEmail-rh_ae-aid_ab3851f3-63f2-43de-8496-bcbc1a6de34b@odspnotify>"
Credential phishing: Suspicious e-sign agreement document notification,0198edf4-b62d-7bce-a059-415589f9349a,"<SpoImmediateAlert-5372c855-b0b7-47c3-8015-ff20d42c10e0,5372c855-b0b7-47c3-8015-ff20d42c10e0-f04add15-8fe4-4799-85c3-b29472a6ff97-r0-SendEmail-rh_ae-aid_f1e27cdc-fd60-4899-a4cd-f941ee89966a@odspnotify>"
Credential phishing: Suspicious e-sign agreement document notification,0198edf4-b301-79ae-9d8b-5d0b6bdd0c2b,"<SpoImmediateAlert-5372c855-b0b7-47c3-8015-ff20d42c10e0,5372c855-b0b7-47c3-8015-ff20d42c10e0-c814ae17-0adb-4939-af92-7b143455c7cc-r0-SendEmail-rh_ae-aid_854cd30e-5c0d-4a0f-a629-ce814a54f21b@odspnotify>"
Credential phishing: Suspicious e-sign agreement document notification,0198edf4-9f8e-7cfb-9308-c8e9424e3aae,"<SpoImmediateAlert-5372c855-b0b7-47c3-8015-ff20d42c10e0,5372c855-b0b7-47c3-8015-ff20d42c10e0-322506fa-57e6-48f8-a3b5-409f348e2471-r0-SendEmail-rh_ae-aid_a90fa6c4-c28c-49e2-ba6c-db7bec276f06@odspnotify>"
Credential phishing: Suspicious e-sign agreement document notification,0198ee5b-6488-7716-bdb3-b272966640d3,"<SpoImmediateAlert-7f84689a-4570-4bc1-9ea8-56ab0f9aa9a2,7f84689a-4570-4bc1-9ea8-56ab0f9aa9a2-0e9a65ea-c84b-4741-a315-7df40f3122c1-r0-SendEmail-rh_ae-aid_4037256b-a45b-492d-8aef-c23b91541776@odspnotify>"
Credential phishing: Suspicious e-sign agreement document notification,0198edf8-35b8-7db6-94bd-a2185feaaf64,"<SpoImmediateAlert-7f84689a-4570-4bc1-9ea8-56ab0f9aa9a2,7f84689a-4570-4bc1-9ea8-56ab0f9aa9a2-8239194c-c967-4e35-8877-ff3efdc38430-r0-SendEmail-rh_ae-aid_98690b99-0bbc-4bc2-898b-93d3aaf91638@odspnotify>"
Credential phishing: Suspicious e-sign agreement document notification,0198edf8-19da-7648-9b6a-54fbd5d857c4,"<SpoImmediateAlert-7f84689a-4570-4bc1-9ea8-56ab0f9aa9a2,7f84689a-4570-4bc1-9ea8-56ab0f9aa9a2-217cafec-0775-46b1-a7a9-8d6d9297e44c-r0-SendEmail-rh_ae-aid_31ddacbf-7b0b-44d2-8208-9f0eacd929f7@odspnotify>"
Credential phishing: Suspicious e-sign agreement document notification,0198edf7-fa1d-7a43-9a85-d5de356858b4,"<SpoImmediateAlert-7f84689a-4570-4bc1-9ea8-56ab0f9aa9a2,7f84689a-4570-4bc1-9ea8-56ab0f9aa9a2-393a80f2-bfc2-434c-b1c1-6a940d050b3b-r0-SendEmail-rh_ae-aid_3d07ef25-1e8c-47f8-af61-bdc68d06627b@odspnotify>"
Credential phishing: Suspicious e-sign agreement document notification,0198edf7-d464-7a9c-afb1-18b1c3b6c058,"<SpoImmediateAlert-7f84689a-4570-4bc1-9ea8-56ab0f9aa9a2,7f84689a-4570-4bc1-9ea8-56ab0f9aa9a2-57d65b05-87f7-4bc4-baf8-7150295e12e1-r0-SendEmail-rh_ae-aid_9aeff04a-32d9-4dfb-ab5f-e517ac7ea616@odspnotify>"
Credential phishing: Suspicious e-sign agreement document notification,0198edf7-cac3-74de-b02e-de95fbfd6d7d,"<SpoImmediateAlert-7f84689a-4570-4bc1-9ea8-56ab0f9aa9a2,7f84689a-4570-4bc1-9ea8-56ab0f9aa9a2-58857a1a-9f69-483e-9244-9e086c310f7b-r0-SendEmail-rh_ae-aid_c498eebb-e198-4a77-9832-0f4045b9158c@odspnotify>"
Credential phishing: Suspicious e-sign agreement document notification,0198edf7-b8d0-7b01-adf6-cb45e263f472,"<SpoImmediateAlert-7f84689a-4570-4bc1-9ea8-56ab0f9aa9a2,7f84689a-4570-4bc1-9ea8-56ab0f9aa9a2-5af2c03b-a9b1-4d47-a9e0-88b149e939fc-r0-SendEmail-rh_ae-aid_976abbf0-cc83-41bc-9d4a-720f26b7cf49@odspnotify>"
Credential phishing: Suspicious e-sign agreement document notification,0198edf7-a17c-772a-9c9a-c6319a6b7e7c,"<SpoImmediateAlert-7f84689a-4570-4bc1-9ea8-56ab0f9aa9a2,7f84689a-4570-4bc1-9ea8-56ab0f9aa9a2-3cf75d82-1d64-499a-9cd9-fe8607e8c5d6-r0-SendEmail-rh_ae-aid_39b22b68-0d9d-4e6b-925e-905cebd0cd68@odspnotify>"
Credential phishing: Suspicious e-sign agreement document notification,0198edf7-9481-7a0c-b9ae-63a870e2ff39,"<SpoImmediateAlert-7f84689a-4570-4bc1-9ea8-56ab0f9aa9a2,7f84689a-4570-4bc1-9ea8-56ab0f9aa9a2-b1927dab-5442-41ab-82f5-6957461da525-r0-SendEmail-rh_ae-aid_e658317b-e153-4158-b89a-2bf4e0b1837c@odspnotify>"
Credential phishing: Suspicious e-sign agreement document notification,0198edf7-8652-7889-970a-cb01ac2fa4c3,<SpoImmediateAlert-df3a37fc-eabd-4111-9846-4e7f9ecd0fa5-4160f3fc-e23f-43e3-9dfa-b20705722e14-r0-SendEmail-rh_ae-aid_811404b2-b9fc-4380-bebe-820f423dce5f@odspnotify>
Credential phishing: Suspicious e-sign agreement document notification,0198ee5b-6009-7c3a-b3b4-f91b88552eb1,"<SpoImmediateAlert-7f84689a-4570-4bc1-9ea8-56ab0f9aa9a2,7f84689a-4570-4bc1-9ea8-56ab0f9aa9a2-1b03a6ca-7678-40da-a4cc-8de2d1a1d062-r0-SendEmail-rh_ae-aid_220a8f57-2355-4680-8620-2153fc49e665@odspnotify>"
Credential phishing: Suspicious e-sign agreement document notification,0198edf9-b3f0-79c8-b4e0-3592954cde45,"<SpoImmediateAlert-8dd2e9f4-a02f-42e6-80d8-674406b23a08,8dd2e9f4-a02f-42e6-80d8-674406b23a08-358617dc-27fb-46fa-8357-e023ed899ca1-r0-SendEmail-rh_ae-aid_7ba8e7df-1f35-4948-a9d0-8d1fe09f03e1@odspnotify>"
Credential phishing: Suspicious e-sign agreement document notification,0198ee5b-5d38-7244-bf09-4a006c6eb9cc,"<SpoImmediateAlert-7f84689a-4570-4bc1-9ea8-56ab0f9aa9a2,7f84689a-4570-4bc1-9ea8-56ab0f9aa9a2-5d78528c-b44b-432b-a239-ab34adfc92ac-r0-SendEmail-rh_ae-aid_5b6e7855-f229-4c6e-9e40-685ecde51060@odspnotify>"
Credential phishing: Suspicious e-sign agreement document notification,0198edf8-7dad-7ece-9c5f-711f7ea45cd2,"<SpoImmediateAlert-7f84689a-4570-4bc1-9ea8-56ab0f9aa9a2,7f84689a-4570-4bc1-9ea8-56ab0f9aa9a2-463ee4b2-c854-4db7-a176-91782052383f-r0-SendEmail-rh_ae-aid_9c8dff62-b875-44cd-857b-d4c3dfd6f4b4@odspnotify>"
Credential phishing: Suspicious e-sign agreement document notification,0198edf7-9034-76a5-9aca-a71c59fd5d5d,"<SpoImmediateAlert-7f84689a-4570-4bc1-9ea8-56ab0f9aa9a2,7f84689a-4570-4bc1-9ea8-56ab0f9aa9a2-481ded94-79b4-497a-8277-467526bfccef-r0-SendEmail-rh_ae-aid_ef375235-2e6b-4747-b10f-88a8e166f1d8@odspnotify>"
Credential phishing: Suspicious e-sign agreement document notification,0198ee5b-56c9-7061-8792-4ddb4a71caec,"<SpoImmediateAlert-7f84689a-4570-4bc1-9ea8-56ab0f9aa9a2,7f84689a-4570-4bc1-9ea8-56ab0f9aa9a2-3948c702-73a8-4ec0-ad31-c2080121ec72-r0-SendEmail-rh_ae-aid_b9689b9c-101c-414d-9465-50920aebca74@odspnotify>"
Spam: Default Microsoft Exchange Online sender domain (onmicrosoft.com),0198ee4e-6083-71ad-b3cf-a89b2f9a5d1d,<SY3PPFC3E8FB408146303D91C66AE77F0EBAF3BA@SY3PPFC3E8FB408.AUSP300.PROD.OUTLOOK.COM>
"Brand impersonation: Microsoft (QR code), Cyrillic vowel substitution in subject or display name from unknown sender, QR Code with suspicious indicators",0198ee12-c6ef-7993-afdf-3e9a0c795369,<68afa249.050a0220.c1eab.9b9fSMTPIN_ADDED_MISSING@mx.google.com>
Brand impersonation: Adobe with suspicious language and link,0198ee0d-70ec-736f-92ca-ebfec7dee7e6,"<SpoImmediateAlert-dab673d3-e3ae-4f4e-bf7f-cd50953fd944,dab673d3-e3ae-4f4e-bf7f-cd50953fd944-55608b97-bb09-4098-bc04-d6de2c5fb306-r0-SendEmail-rh_ae-aid_919104e0-b624-4c81-8d03-eab1ddd9460a@odspnotify>"
Brand impersonation: Adobe with suspicious language and link,0198ee0d-6ac8-7de8-a1e5-251e53d9f499,"<SpoImmediateAlert-dab673d3-e3ae-4f4e-bf7f-cd50953fd944,dab673d3-e3ae-4f4e-bf7f-cd50953fd944-f9c17033-f1f6-46f2-9635-fce157626859-r0-SendEmail-rh_ae-aid_eb44f554-0ff3-494c-893e-d8cf7b65d910@odspnotify>"
Brand impersonation: Adobe with suspicious language and link,0198ee0d-52fd-7b3d-9119-e90d650a9a66,"<SpoImmediateAlert-dab673d3-e3ae-4f4e-bf7f-cd50953fd944,dab673d3-e3ae-4f4e-bf7f-cd50953fd944-41823599-acc8-4aeb-8f3e-8592bacbc1be-r0-SendEmail-rh_ae-aid_175ff796-42cc-46c5-86f3-3a17f2bf4b0f@odspnotify>"
Brand impersonation: Adobe with suspicious language and link,0198ee0d-4b12-70a0-881d-d0f6c205ec7e,"<SpoImmediateAlert-dab673d3-e3ae-4f4e-bf7f-cd50953fd944,dab673d3-e3ae-4f4e-bf7f-cd50953fd944-178f5cd8-2b6f-4d67-b5cc-59a699f348d4-r0-SendEmail-rh_ae-aid_7780d2ff-25f5-464a-b1c6-70904b05dde8@odspnotify>"
Brand impersonation: Adobe with suspicious language and link,0198ee0d-4853-7ea3-8991-a3bcb9fdfd28,"<SpoImmediateAlert-dab673d3-e3ae-4f4e-bf7f-cd50953fd944,dab673d3-e3ae-4f4e-bf7f-cd50953fd944-6ffba964-22c0-40c8-bcd7-056d54e32e57-r0-SendEmail-rh_ae-aid_7e2e2bd6-3318-490a-ba4e-4b3f114883e1@odspnotify>"
Brand impersonation: Adobe with suspicious language and link,0198ee0d-471d-732c-bd9a-29f73189149d,"<SpoImmediateAlert-dab673d3-e3ae-4f4e-bf7f-cd50953fd944,dab673d3-e3ae-4f4e-bf7f-cd50953fd944-b26c13f2-adb6-4bbf-8aff-0c523665291e-r0-SendEmail-rh_ae-aid_6af6306c-491a-4050-b727-397b3612a4be@odspnotify>"
Brand impersonation: Adobe with suspicious language and link,0198ee0d-4308-726e-8392-6beb35807c98,<SpoImmediateAlert-6978f167-dc13-4e13-a053-4b885a493148-7a27340d-9265-4e1d-a0c4-adf6630dc87d-r0-SendEmail-rh_ae-aid_e36caa3c-1b33-4104-8993-aa52eec76eca@odspnotify>
Brand impersonation: Adobe with suspicious language and link,0198ee0d-42bc-7b40-a79f-75f14ced181f,"<SpoImmediateAlert-dab673d3-e3ae-4f4e-bf7f-cd50953fd944,dab673d3-e3ae-4f4e-bf7f-cd50953fd944-9b2d6987-2089-4da1-ab7f-f52178527749-r0-SendEmail-rh_ae-aid_9e62ec46-c828-45d6-99a8-dc83da39d08e@odspnotify>"
Brand impersonation: Adobe with suspicious language and link,0198ee0d-3f80-7e35-95de-43e6832a6d32,"<SpoImmediateAlert-dab673d3-e3ae-4f4e-bf7f-cd50953fd944,dab673d3-e3ae-4f4e-bf7f-cd50953fd944-d0a58c9e-b80e-4683-9dd2-ce63c44a590e-r0-SendEmail-rh_ae-aid_8993d649-c2bb-41ef-b569-19da708728fc@odspnotify>"
Brand impersonation: Adobe with suspicious language and link,0198ee0d-3484-7be4-8c11-083333f5c564,"<SpoImmediateAlert-dab673d3-e3ae-4f4e-bf7f-cd50953fd944,dab673d3-e3ae-4f4e-bf7f-cd50953fd944-6f1412bd-d102-4e1a-bedd-49c276b263c6-r0-SendEmail-rh_ae-aid_b5d8dc3d-576f-47e8-8c99-5d5983110258@odspnotify>"
Brand impersonation: Adobe with suspicious language and link,0198ee0d-2884-73f9-bc9a-10f02fe5f33f,<SpoImmediateAlert-4ba8dca9-d453-4498-b9b9-113b55a384f1-5dabe595-fc15-4788-8030-fdd7e78fd74b-r0-SendEmail-rh_ae-aid_8b45f87a-12fe-4443-b7e9-d21db1de8afc@odspnotify>
Brand impersonation: Adobe with suspicious language and link,0198ee0d-1806-78d4-9263-2b41c55a680e,"<SpoImmediateAlert-dab673d3-e3ae-4f4e-bf7f-cd50953fd944,dab673d3-e3ae-4f4e-bf7f-cd50953fd944-9ec24976-e175-49cc-a364-b960a2c3f5cc-r0-SendEmail-rh_ae-aid_c16a5ac0-b388-4b5e-90e1-32aaeb05f6ef@odspnotify>"
Brand impersonation: Adobe with suspicious language and link,0198ee0c-2405-787b-996a-e708300d7adf,"<SpoImmediateAlert-58972bd6-c4c1-4fe8-9981-5562aead4833,58972bd6-c4c1-4fe8-9981-5562aead4833-bbc6fa4e-fe53-4982-aa6e-ef4efed219bc-r0-SendEmail-rh_ae-aid_ed8692cf-c00f-4142-8f59-b5979b2879c7@odspnotify>"
Brand impersonation: Adobe with suspicious language and link,0198ee0b-ef09-7535-8520-c0101d502ab5,"<SpoImmediateAlert-58972bd6-c4c1-4fe8-9981-5562aead4833,58972bd6-c4c1-4fe8-9981-5562aead4833-c7700b65-f1a0-4b33-818a-c53d59b533a8-r0-SendEmail-rh_ae-aid_213ddec4-e997-4977-a478-8150c8b774c7@odspnotify>"
Brand impersonation: Adobe with suspicious language and link,0198ee0b-aea0-77dc-a3b0-3e39cdf4f8f3,"<SpoImmediateAlert-58972bd6-c4c1-4fe8-9981-5562aead4833,58972bd6-c4c1-4fe8-9981-5562aead4833-f380ef3f-dbe4-417c-99a4-8e83a1e15ad8-r0-SendEmail-rh_ae-aid_19454281-5cfe-4472-bd9e-380596733824@odspnotify>"
Brand impersonation: Adobe with suspicious language and link,0198ee0b-8633-79b1-9b98-09c9f9e3f3f3,"<SpoImmediateAlert-58972bd6-c4c1-4fe8-9981-5562aead4833,58972bd6-c4c1-4fe8-9981-5562aead4833-8a195f73-4a0f-49bd-aaa7-d4aecd8b8577-r0-SendEmail-rh_ae-aid_e62344a8-63c8-4e47-bf66-5750d2fc713f@odspnotify>"
Brand impersonation: Adobe with suspicious language and link,0198ee0b-7f5e-7581-9302-a5df6f3b00ce,"<SpoImmediateAlert-58972bd6-c4c1-4fe8-9981-5562aead4833,58972bd6-c4c1-4fe8-9981-5562aead4833-72a5ce22-640f-4365-a2b5-ce6fce86635d-r0-SendEmail-rh_ae-aid_edd6ea70-1055-48cf-9a22-72de63ec42c0@odspnotify>"
Brand impersonation: Adobe with suspicious language and link,0198ee0b-7e26-78eb-be78-ae610c6e807f,"<SpoImmediateAlert-58972bd6-c4c1-4fe8-9981-5562aead4833,58972bd6-c4c1-4fe8-9981-5562aead4833-ebe8f745-8532-4eb8-929d-5d670b4ce8a7-r0-SendEmail-rh_ae-aid_6e5d1a6f-dcb4-48bf-b789-dd415f81f4b7@odspnotify>"
Brand impersonation: Adobe with suspicious language and link,0198ee0b-7908-7c43-8d94-2bfbcf7e074d,"<SpoImmediateAlert-58972bd6-c4c1-4fe8-9981-5562aead4833,58972bd6-c4c1-4fe8-9981-5562aead4833-85e769f8-babf-4b6d-b4e1-f1f1f6c8880a-r0-SendEmail-rh_ae-aid_d83fbc9b-f57c-43ab-992f-e22ec55bc499@odspnotify>"
Brand impersonation: Adobe with suspicious language and link,0198ee0b-7767-752a-88dc-c8c25ff2195b,"<SpoImmediateAlert-58972bd6-c4c1-4fe8-9981-5562aead4833,58972bd6-c4c1-4fe8-9981-5562aead4833-10d6de66-4805-4ff6-9a7b-dd9e6954a7cd-r0-SendEmail-rh_ae-aid_22f43357-a893-458c-88d7-cba9e48ac245@odspnotify>"
Brand impersonation: Adobe with suspicious language and link,0198ee0b-71f5-7c4d-8089-76708c41179c,"<SpoImmediateAlert-58972bd6-c4c1-4fe8-9981-5562aead4833,58972bd6-c4c1-4fe8-9981-5562aead4833-a3a7fa87-8478-4796-bcd6-a3f0929d3df3-r0-SendEmail-rh_ae-aid_f0b72a8d-4727-4bcd-ae7f-b2f52ccca17d@odspnotify>"
Brand impersonation: Adobe with suspicious language and link,0198ee0b-6d25-77be-9280-dd4759f2cfae,<SpoImmediateAlert-c8941e15-7428-40f7-952e-89504eabc4f3-c99bb748-f948-49d4-9aae-3e96ce551922-r0-SendEmail-rh_ae-aid_f72bb34c-4d3f-4e2f-902f-92951b84069f@odspnotify>
Brand impersonation: Adobe with suspicious language and link,0198ee0b-6ce4-7863-b9f6-0068368bc304,"<SpoImmediateAlert-58972bd6-c4c1-4fe8-9981-5562aead4833,58972bd6-c4c1-4fe8-9981-5562aead4833-b499496f-8b66-4dee-a4a2-4a1ebcadbe7b-r0-SendEmail-rh_ae-aid_73b6d069-9218-44e7-a7f1-249e54576af4@odspnotify>"
Brand impersonation: Adobe with suspicious language and link,0198ee0b-6833-7e22-af50-5b573e5d1b7c,"<SpoImmediateAlert-58972bd6-c4c1-4fe8-9981-5562aead4833,58972bd6-c4c1-4fe8-9981-5562aead4833-467784c7-8899-4ccf-8535-2ac809106be7-r0-SendEmail-rh_ae-aid_cf4fd592-a324-44ac-a254-f9b7b4255304@odspnotify>"
Credential phishing: Suspicious e-sign agreement document notification,0198ee0b-53ad-761d-875f-b3f943ab07bb,"<SpoImmediateAlert-b3d26037-68fc-4261-a38b-41b4a18838d0,b3d26037-68fc-4261-a38b-41b4a18838d0-a51bb742-46b3-45b8-9de2-ddb9dd9df74a-r0-SendEmail-rh_ae-aid_f378610b-e897-4711-ad80-557676526081@odspnotify>"
Credential phishing: Suspicious e-sign agreement document notification,0198ee0b-37c8-7293-aaa0-b5ca1f7d02ce,"<SpoImmediateAlert-8f0776cf-ade5-4af7-8012-2499d496f42b,8f0776cf-ade5-4af7-8012-2499d496f42b-0df319b6-57cc-4113-89c0-a6911ee3287e-r0-SendEmail-rh_ae-aid_1e68548f-ef45-4e7e-81cd-f749571dbf12@odspnotify>"
Credential phishing: Suspicious e-sign agreement document notification,0198ee0b-302c-78f9-a3eb-2f800979961f,"<SpoImmediateAlert-8f0776cf-ade5-4af7-8012-2499d496f42b,8f0776cf-ade5-4af7-8012-2499d496f42b-89d54853-844f-42dd-99d9-4a5b967c0a89-r0-SendEmail-rh_ae-aid_45ad19a0-2980-4680-b076-17de0c7508ee@odspnotify>"
Credential phishing: Suspicious e-sign agreement document notification,0198ede8-bded-7d95-ae0e-77dab68771d9,"<SpoImmediateAlert-8f0776cf-ade5-4af7-8012-2499d496f42b,8f0776cf-ade5-4af7-8012-2499d496f42b-89d54853-844f-42dd-99d9-4a5b967c0a89-r0-SendEmail-rh_ae-aid_45ad19a0-2980-4680-b076-17de0c7508ee@odspnotify>"
Credential phishing: Suspicious e-sign agreement document notification,0198ee0b-296f-7510-86ae-59ae9080ffe7,"<SpoImmediateAlert-8f0776cf-ade5-4af7-8012-2499d496f42b,8f0776cf-ade5-4af7-8012-2499d496f42b-16370fec-e901-4ca4-b785-394854d87ea5-r0-SendEmail-rh_ae-aid_0aa18eee-ede9-4487-a385-4ffe61565157@odspnotify>"
Credential phishing: Suspicious e-sign agreement document notification,0198ee02-737e-7c50-a78b-8d0d8205e93c,"<SpoImmediateAlert-7f84689a-4570-4bc1-9ea8-56ab0f9aa9a2,7f84689a-4570-4bc1-9ea8-56ab0f9aa9a2-35ffa40e-0533-42bd-924c-ddb365dd03e9-r0-SendEmail-rh_ae-aid_765f3767-674f-4ef3-972e-75b2c723de84@odspnotify>"
Credential phishing: Suspicious e-sign agreement document notification,0198ee02-651b-7e4a-9f80-68617f668b59,"<SpoImmediateAlert-7f84689a-4570-4bc1-9ea8-56ab0f9aa9a2,7f84689a-4570-4bc1-9ea8-56ab0f9aa9a2-bb0b90a4-7a4f-46ab-9d8a-06385b13b95b-r0-SendEmail-rh_ae-aid_c6d02fe8-6db6-44a0-a213-9266c9401253@odspnotify>"
Credential phishing: Suspicious e-sign agreement document notification,0198ee02-2704-7770-a227-47d12305e9b0,"<SpoImmediateAlert-7f84689a-4570-4bc1-9ea8-56ab0f9aa9a2,7f84689a-4570-4bc1-9ea8-56ab0f9aa9a2-d0057a32-4b5d-40d2-bb81-2c2ce4840fd9-r0-SendEmail-rh_ae-aid_850cf63d-0a45-431f-9f41-bbbae9e3b745@odspnotify>"
Credential phishing: Suspicious e-sign agreement document notification,0198ee0b-1399-7d5a-9de8-88a0d14a974b,"<SpoImmediateAlert-8f0776cf-ade5-4af7-8012-2499d496f42b,8f0776cf-ade5-4af7-8012-2499d496f42b-15de6b5b-2ea4-46a8-b7b5-f7901ef5f90d-r0-SendEmail-rh_ae-aid_cff0a9a0-1dc1-4e75-8487-72459af3ce63@odspnotify>"
Credential phishing: Suspicious e-sign agreement document notification,0198ee0b-07f9-75eb-aded-9a9569549dcd,"<SpoImmediateAlert-8f0776cf-ade5-4af7-8012-2499d496f42b,8f0776cf-ade5-4af7-8012-2499d496f42b-1d6a6eb5-63f4-4dbd-8e4b-d728bc2a7b71-r0-SendEmail-rh_ae-aid_502f620a-8810-4683-b411-7e62da405015@odspnotify>"
Credential phishing: Suspicious e-sign agreement document notification,0198ee0a-e6a4-74c9-9263-82fd87bcccfd,"<SpoImmediateAlert-becc0a11-f55f-4eb2-97a8-4dbbca6baa1e,becc0a11-f55f-4eb2-97a8-4dbbca6baa1e-aa44a980-1fd2-4a4f-9f34-daa9b4923d0b-r0-SendEmail-rh_ae-aid_37b978d9-cc9c-4f9d-bc15-e4a888129975@odspnotify>"
Credential phishing: Suspicious e-sign agreement document notification,0198ee0b-04cf-7e4a-a3b5-eb33163c3a8e,"<SpoImmediateAlert-8f0776cf-ade5-4af7-8012-2499d496f42b,8f0776cf-ade5-4af7-8012-2499d496f42b-7c0dc09c-7b2f-4ca3-a665-7c152cac9a67-r0-SendEmail-rh_ae-aid_760a5ff3-4a43-4ada-8023-3280fa13b713@odspnotify>"
Credential phishing: Suspicious e-sign agreement document notification,0198ee0b-019e-7974-af2c-1ce48eedb562,"<SpoImmediateAlert-8f0776cf-ade5-4af7-8012-2499d496f42b,8f0776cf-ade5-4af7-8012-2499d496f42b-edc7886a-a362-4136-a6c6-bc2865a92ffb-r0-SendEmail-rh_ae-aid_a482e6ca-7d7d-4532-ba3a-5ce59dcdf33b@odspnotify>"
Credential phishing: Suspicious e-sign agreement document notification,0198ee0a-fc3f-7d14-b089-3833c3dec5a1,<SpoImmediateAlert-60cfd31d-8871-44a2-85f6-2502fb252e3f-cc5164b7-e721-41e4-be97-c61b740d6a7e-r0-SendEmail-rh_ae-aid_4017f5c4-1a82-4a1c-bbb9-e6ef0bbc9836@odspnotify>
Credential phishing: Suspicious e-sign agreement document notification,0198ee0a-8a12-7475-886e-ce5a79c0f38f,"<SpoImmediateAlert-becc0a11-f55f-4eb2-97a8-4dbbca6baa1e,becc0a11-f55f-4eb2-97a8-4dbbca6baa1e-d37baa96-cd7d-4056-bcee-e0d0fd3c1442-r0-SendEmail-rh_ae-aid_bbcc805f-dddd-40ce-b0e0-c804a2c29ef3@odspnotify>"
Credential phishing: Suspicious e-sign agreement document notification,0198ee09-d23f-76c6-9aad-fefbe5303abd,"<SpoImmediateAlert-83b26dce-5398-455a-b16d-203dcd96f6d0,83b26dce-5398-455a-b16d-203dcd96f6d0-92b38d9f-28e2-4583-bd6e-54753e10401f-r0-SendEmail-rh_ae-aid_41425261-10d7-487f-af4a-f1845f73181d@odspnotify>"
Credential phishing: Suspicious e-sign agreement document notification,0198ee07-ae24-70de-b0ab-158fdf067d33,"<SpoImmediateAlert-cb0a0dde-742c-4f54-86fa-11352d0631e1,cb0a0dde-742c-4f54-86fa-11352d0631e1-3cbc4ec6-ba8b-47b4-8ec5-e3de2bfc6991-r0-SendEmail-rh_ae-aid_5ec8fe27-958d-4d40-9e48-9827fb501160@odspnotify>"
Credential phishing: Suspicious e-sign agreement document notification,0198ee07-ab30-7788-bb3d-cc343a99eafa,"<SpoImmediateAlert-63cd5d5d-626a-47f6-af27-8e16153e36e4,63cd5d5d-626a-47f6-af27-8e16153e36e4-43a09d61-4682-41a4-ab39-796e04e5ec38-r0-SendEmail-rh_ae-aid_5b2880ae-c447-4cdc-b4b7-b941daed8d9c@odspnotify>"
Credential phishing: Suspicious e-sign agreement document notification,0198ee06-a9ff-7a45-8f43-4aaca31aca50,"<SpoImmediateAlert-7f84689a-4570-4bc1-9ea8-56ab0f9aa9a2,7f84689a-4570-4bc1-9ea8-56ab0f9aa9a2-3cf75d82-1d64-499a-9cd9-fe8607e8c5d6-r0-SendEmail-rh_ae-aid_39b22b68-0d9d-4e6b-925e-905cebd0cd68@odspnotify>"
Credential phishing: Suspicious e-sign agreement document notification,0198ee04-3ccb-70eb-b470-96bced814455,"<SpoImmediateAlert-63cd5d5d-626a-47f6-af27-8e16153e36e4,63cd5d5d-626a-47f6-af27-8e16153e36e4-f0ecac86-392d-454d-bf74-348efb7914f1-r0-SendEmail-rh_ae-aid_bca1f555-826e-47bd-85e5-52c53b6ad2c1@odspnotify>"
Credential phishing: Suspicious e-sign agreement document notification,0198ee02-7b9b-7cb6-ab39-e5cc7f11117d,"<SpoImmediateAlert-7f84689a-4570-4bc1-9ea8-56ab0f9aa9a2,7f84689a-4570-4bc1-9ea8-56ab0f9aa9a2-0b08cff8-01fc-4e58-866e-e027c8364977-r0-SendEmail-rh_ae-aid_45b66842-74c6-4bb9-bee1-3428337715a5@odspnotify>"
Credential phishing: Suspicious e-sign agreement document notification,0198ee02-3ad2-790f-ac72-d1620a14ac0e,"<SpoImmediateAlert-7f84689a-4570-4bc1-9ea8-56ab0f9aa9a2,7f84689a-4570-4bc1-9ea8-56ab0f9aa9a2-288b1e88-5487-4486-8d80-6ad55e59ba24-r0-SendEmail-rh_ae-aid_a578c6ce-02d1-4a1a-a9b3-636dd4fb523f@odspnotify>"
Credential phishing: Suspicious e-sign agreement document notification,0198ee0a-ec88-79fb-b883-1843d84fb798,"<SpoImmediateAlert-8f0776cf-ade5-4af7-8012-2499d496f42b,8f0776cf-ade5-4af7-8012-2499d496f42b-fbd5c1e7-f482-4a11-9183-4999353cc28f-r0-SendEmail-rh_ae-aid_1d59af20-48dd-4ddd-8f7d-b61a28a48f1a@odspnotify>"
Credential phishing: Suspicious e-sign agreement document notification,0198ee0a-e937-7edf-98de-144814973a6b,"<SpoImmediateAlert-becc0a11-f55f-4eb2-97a8-4dbbca6baa1e,becc0a11-f55f-4eb2-97a8-4dbbca6baa1e-4932c54c-fa17-44f8-8c5d-8551743fc486-r0-SendEmail-rh_ae-aid_7a4b0bdb-7481-4736-bd0f-3dcec2fc7d3f@odspnotify>"
Brand impersonation: Adobe with suspicious language and link,0198ee0a-e5fc-7d62-9343-92893eaa25f7,<SpoImmediateAlert-8f1c4c16-01fa-4c09-b7c3-4428ea46a410-1839c28f-1b7f-43e9-945a-74118c7d874c-r0-SendEmail-rh_ae-aid_23f5d15d-dc94-4967-9392-1f3478273e1a@odspnotify>
Brand impersonation: Adobe with suspicious language and link,0198ee0a-968b-7c1a-ac11-33b859fde5c8,"<SpoImmediateAlert-5b681228-6a38-4abb-b730-2fb0614e8d38,5b681228-6a38-4abb-b730-2fb0614e8d38-0e81ec0c-d0c2-4535-9624-d3cb49c2452c-r0-SendEmail-rh_ae-aid_4fe440b4-3dfc-4c07-be6e-2fcdd7768bd6@odspnotify>"
Brand impersonation: Adobe with suspicious language and link,0198ee0a-8cc6-7ad7-a2aa-f7055169dbaa,"<SpoImmediateAlert-5b681228-6a38-4abb-b730-2fb0614e8d38,5b681228-6a38-4abb-b730-2fb0614e8d38-ebdef98a-589c-492a-94b6-f116aba02360-r0-SendEmail-rh_ae-aid_7fb2cbaf-52a1-4ef5-ab2d-8d0ee7467492@odspnotify>"
Brand impersonation: Adobe with suspicious language and link,0198ee0a-874c-7ce8-b5c7-550b4ae1124a,"<SpoImmediateAlert-5b681228-6a38-4abb-b730-2fb0614e8d38,5b681228-6a38-4abb-b730-2fb0614e8d38-7f5c1437-f7a8-4f47-907d-fbfe317a0785-r0-SendEmail-rh_ae-aid_b0b1b7f9-89b5-496b-bb84-830e8a315efe@odspnotify>"
Brand impersonation: Adobe with suspicious language and link,0198ee0a-8601-7906-87ee-732c58c1fdf3,"<SpoImmediateAlert-5b681228-6a38-4abb-b730-2fb0614e8d38,5b681228-6a38-4abb-b730-2fb0614e8d38-c999b10a-f519-465e-beb6-f21c61580236-r0-SendEmail-rh_ae-aid_10cea81c-94ae-499e-9610-692ba7adfff5@odspnotify>"
Brand impersonation: Adobe with suspicious language and link,0198ee0a-736d-70c0-a083-73af3f7c02c8,"<SpoImmediateAlert-5b681228-6a38-4abb-b730-2fb0614e8d38,5b681228-6a38-4abb-b730-2fb0614e8d38-2657bd1c-a1a3-493f-ae66-d7e0d46d984b-r0-SendEmail-rh_ae-aid_e78bd4d4-200a-46fe-9002-42c2c91f689c@odspnotify>"
Brand impersonation: Adobe with suspicious language and link,0198ee0a-70dc-75f1-bfa1-707021e20cf4,"<SpoImmediateAlert-5b681228-6a38-4abb-b730-2fb0614e8d38,5b681228-6a38-4abb-b730-2fb0614e8d38-0b0fd6a2-be4b-48ee-bd15-8fd10e2e5247-r0-SendEmail-rh_ae-aid_256d0162-1208-4fdb-9920-518961c69dad@odspnotify>"
Brand impersonation: Adobe with suspicious language and link,0198ee0a-6e19-7c5a-9809-741c794e6433,"<SpoImmediateAlert-5b681228-6a38-4abb-b730-2fb0614e8d38,5b681228-6a38-4abb-b730-2fb0614e8d38-982e55b4-ee6b-48e0-852c-a90d831ca45a-r0-SendEmail-rh_ae-aid_b1dffcf3-c9b3-490a-a422-5056fe405125@odspnotify>"
Brand impersonation: Adobe with suspicious language and link,0198ee0a-6c27-720a-b793-13b6dfc81f76,"<SpoImmediateAlert-5b681228-6a38-4abb-b730-2fb0614e8d38,5b681228-6a38-4abb-b730-2fb0614e8d38-3d903394-9c28-4bc3-836c-b56658e0bc42-r0-SendEmail-rh_ae-aid_baf58a69-b8c1-4f1e-b9e1-411805f52518@odspnotify>"
Brand impersonation: Adobe with suspicious language and link,0198ee0a-6318-7cf9-ad25-4b75ec5f5187,"<SpoImmediateAlert-5b681228-6a38-4abb-b730-2fb0614e8d38,5b681228-6a38-4abb-b730-2fb0614e8d38-90456c29-7073-4df9-a86b-ce907ba17ab5-r0-SendEmail-rh_ae-aid_1e54671b-688a-47e2-88bf-ac139e6959c9@odspnotify>"
"Business Email Compromise (BEC) attempt from untrusted sender, Employee impersonation: Payroll fraud, Employee impersonation with urgent request (untrusted sender)",0198ee0a-ee47-7f2a-91dc-92981880cc64,<4cC27Z3wylz1xnt@fr-int-smtpout16.hostinger.io>
Credential phishing: Suspicious e-sign agreement document notification,0198ee0a-d55a-75e2-963e-4a89d2eb4eff,"<SpoImmediateAlert-becc0a11-f55f-4eb2-97a8-4dbbca6baa1e,becc0a11-f55f-4eb2-97a8-4dbbca6baa1e-e24de50d-9d97-404b-a922-dd8d853c6f12-r0-SendEmail-rh_ae-aid_673afe28-32d7-4bcd-9e7f-2ae7f33b0df7@odspnotify>"
Credential phishing: Suspicious e-sign agreement document notification,0198ee09-a35e-758c-a79c-d80439289b41,"<SpoImmediateAlert-b57cd81f-5aa2-4e44-a71d-7bcf6e3a3db6,b57cd81f-5aa2-4e44-a71d-7bcf6e3a3db6-f81c41f4-0f61-44c5-a53f-727b6dd1c712-r0-SendEmail-rh_ae-aid_ed9cdee5-cb9b-46ce-b5f9-1b6dadba68ec@odspnotify>"
Credential phishing: Suspicious e-sign agreement document notification,0198ee02-37f0-76f7-a6fe-1c9c8295a23c,"<SpoImmediateAlert-7f84689a-4570-4bc1-9ea8-56ab0f9aa9a2,7f84689a-4570-4bc1-9ea8-56ab0f9aa9a2-3192ad5f-da63-4d42-8fa6-da153034db25-r0-SendEmail-rh_ae-aid_8189cd5c-f87b-4858-9e37-d245194a5a70@odspnotify>"
Brand impersonation: Adobe with suspicious language and link,0198ee0a-c748-7a36-b02d-7b95cd93039b,"<SpoImmediateAlert-5b681228-6a38-4abb-b730-2fb0614e8d38,5b681228-6a38-4abb-b730-2fb0614e8d38-c2eba136-edb8-4bf7-9ca4-e71fb1915df8-r0-SendEmail-rh_ae-aid_ddf7f169-4ab6-4284-94e1-6122bd57ac0c@odspnotify>"
Brand impersonation: Adobe with suspicious language and link,0198ee0a-acfa-7b43-98ac-a5dad2835ecb,"<SpoImmediateAlert-5b681228-6a38-4abb-b730-2fb0614e8d38,5b681228-6a38-4abb-b730-2fb0614e8d38-d90bd1e6-50b0-4384-b43d-04f2b38a946a-r0-SendEmail-rh_ae-aid_680cda45-5a77-48b4-a880-e83fa4c5e749@odspnotify>"
Brand impersonation: Adobe with suspicious language and link,0198ee0a-a7be-7ba4-bece-f1a8e9ca621e,"<SpoImmediateAlert-5b681228-6a38-4abb-b730-2fb0614e8d38,5b681228-6a38-4abb-b730-2fb0614e8d38-1a5e7f4f-1171-42c4-9f27-02b6fd80e767-r0-SendEmail-rh_ae-aid_2dec5d0f-e89c-4ef7-80a8-0e965a9fdb53@odspnotify>"
Brand impersonation: Adobe with suspicious language and link,0198ee0a-9052-7bf4-a64c-6ce5ba04717a,"<SpoImmediateAlert-5b681228-6a38-4abb-b730-2fb0614e8d38,5b681228-6a38-4abb-b730-2fb0614e8d38-5be0d653-2527-40cf-a31f-1c2906448537-r0-SendEmail-rh_ae-aid_d8d8a00d-22a2-48fa-9272-d53be7bf8201@odspnotify>"
Brand impersonation: Adobe with suspicious language and link,0198ee0a-8793-7c64-9a19-84854bfef2b1,"<SpoImmediateAlert-5b681228-6a38-4abb-b730-2fb0614e8d38,5b681228-6a38-4abb-b730-2fb0614e8d38-5732a59a-d46d-4cd4-800c-96f6a1e02892-r0-SendEmail-rh_ae-aid_759199df-8802-4204-94cb-e92ecc6053cc@odspnotify>"
Brand impersonation: Adobe with suspicious language and link,0198ee0a-842d-7415-8444-66e0c6aabe8e,"<SpoImmediateAlert-5b681228-6a38-4abb-b730-2fb0614e8d38,5b681228-6a38-4abb-b730-2fb0614e8d38-cae94093-7e45-4e62-bd8b-5cb6a88c1a9f-r0-SendEmail-rh_ae-aid_d773d7cf-4ce1-4ca4-8ec6-853ba2264272@odspnotify>"
Brand impersonation: Adobe with suspicious language and link,0198ee0a-7c1f-72f9-a67f-027991e2a888,"<SpoImmediateAlert-5b681228-6a38-4abb-b730-2fb0614e8d38,5b681228-6a38-4abb-b730-2fb0614e8d38-dffdfd44-9c85-4633-9b07-eaa384fda55c-r0-SendEmail-rh_ae-aid_d8e70805-7a40-4e80-8826-e6a01a045883@odspnotify>"
Brand impersonation: Adobe with suspicious language and link,0198ee0a-7022-79f6-8030-ffe98d2e9135,"<SpoImmediateAlert-5b681228-6a38-4abb-b730-2fb0614e8d38,5b681228-6a38-4abb-b730-2fb0614e8d38-046c5cdb-f7a7-4fb9-8a2b-cd1c408db0c1-r0-SendEmail-rh_ae-aid_1cd28c42-6d1a-4f88-b576-38f880d8a639@odspnotify>"
Brand impersonation: Adobe with suspicious language and link,0198ee0a-c1f9-744f-9afe-81ceffc247d4,"<SpoImmediateAlert-5b681228-6a38-4abb-b730-2fb0614e8d38,5b681228-6a38-4abb-b730-2fb0614e8d38-97106165-1868-477b-b9e9-ee4dfea85423-r0-SendEmail-rh_ae-aid_cc463bd3-eaa2-4cc3-a511-a263c769b263@odspnotify>"
Brand impersonation: Adobe with suspicious language and link,0198ee0a-b59f-73f9-bf4f-727afaef5da3,"<SpoImmediateAlert-5b681228-6a38-4abb-b730-2fb0614e8d38,5b681228-6a38-4abb-b730-2fb0614e8d38-e30dcb38-7059-408a-bbca-26d605bb8cdd-r0-SendEmail-rh_ae-aid_5ea80714-0faa-420d-80ab-6fb0876d2dd0@odspnotify>"
Brand impersonation: Adobe with suspicious language and link,0198ee0a-a5ec-7158-acba-6d6e5c705089,"<SpoImmediateAlert-5b681228-6a38-4abb-b730-2fb0614e8d38,5b681228-6a38-4abb-b730-2fb0614e8d38-1a2e008a-ee76-4127-8000-2ccc5e30d653-r0-SendEmail-rh_ae-aid_cc1c3d6f-ee92-43b7-a9aa-e807ad288a54@odspnotify>"
Brand impersonation: Adobe with suspicious language and link,0198ee0a-a30f-774f-a43f-e30c0dbc3011,"<SpoImmediateAlert-5b681228-6a38-4abb-b730-2fb0614e8d38,5b681228-6a38-4abb-b730-2fb0614e8d38-3193396c-1a87-4852-9998-4b1f07e057ee-r0-SendEmail-rh_ae-aid_26ea5dc0-8075-46ca-a725-2fb69d7f457b@odspnotify>"
Brand impersonation: Adobe with suspicious language and link,0198ee0a-8e20-7111-b745-d20501dd8f50,"<SpoImmediateAlert-5b681228-6a38-4abb-b730-2fb0614e8d38,5b681228-6a38-4abb-b730-2fb0614e8d38-dcb60aec-caba-4b1b-8651-b88af8ee37d4-r0-SendEmail-rh_ae-aid_63dc7ced-19b7-4710-bf56-b734dd4c9ca8@odspnotify>"
Brand impersonation: Adobe with suspicious language and link,0198ee0a-8aa0-7bc2-80bf-cdc18a26778d,"<SpoImmediateAlert-5b681228-6a38-4abb-b730-2fb0614e8d38,5b681228-6a38-4abb-b730-2fb0614e8d38-22e48caa-0add-45be-9c7c-7e4c42adc2aa-r0-SendEmail-rh_ae-aid_f5532606-b1dc-495d-92be-a09bd2eaedb5@odspnotify>"
Brand impersonation: Adobe with suspicious language and link,0198ee0a-8404-7e8c-8d49-3e778f5627af,"<SpoImmediateAlert-5b681228-6a38-4abb-b730-2fb0614e8d38,5b681228-6a38-4abb-b730-2fb0614e8d38-25d83308-4f32-4845-8cb0-5d579e0b52bc-r0-SendEmail-rh_ae-aid_cdeff113-43ba-4760-9caa-3619ef87f012@odspnotify>"
Brand impersonation: Adobe with suspicious language and link,0198ee0a-7eca-7a17-93c7-e75e78b1563c,"<SpoImmediateAlert-5b681228-6a38-4abb-b730-2fb0614e8d38,5b681228-6a38-4abb-b730-2fb0614e8d38-00724bf4-4ee7-4673-8793-77812a08c0fc-r0-SendEmail-rh_ae-aid_89f29eab-7b63-49fe-821d-6e5dce79a566@odspnotify>"
Brand impersonation: Adobe with suspicious language and link,0198ee0a-7e26-766b-8971-0c08177cf8e6,"<SpoImmediateAlert-5b681228-6a38-4abb-b730-2fb0614e8d38,5b681228-6a38-4abb-b730-2fb0614e8d38-48296167-778f-4f08-9906-81643b54661b-r0-SendEmail-rh_ae-aid_95eb289f-7dda-494e-b42b-652b08835e30@odspnotify>"
Brand impersonation: Adobe with suspicious language and link,0198ee0a-7a2c-70c6-b052-484d97ca65ac,"<SpoImmediateAlert-5b681228-6a38-4abb-b730-2fb0614e8d38,5b681228-6a38-4abb-b730-2fb0614e8d38-0b5a46d0-f84f-441c-ab94-9f175c76166f-r0-SendEmail-rh_ae-aid_693b4dd7-79dd-4fd9-bff4-aa4ea6070ba4@odspnotify>"
Brand impersonation: Adobe with suspicious language and link,0198ee0a-7683-7319-819f-e33400690cac,"<SpoImmediateAlert-5b681228-6a38-4abb-b730-2fb0614e8d38,5b681228-6a38-4abb-b730-2fb0614e8d38-bbbfd11b-9edf-4f61-9e01-e2dd1f35ac5f-r0-SendEmail-rh_ae-aid_4505e5df-f835-4238-82c1-60211590a26d@odspnotify>"
Brand impersonation: Adobe with suspicious language and link,0198ee0a-67fe-7076-a0ee-cdd946a7554e,"<SpoImmediateAlert-5b681228-6a38-4abb-b730-2fb0614e8d38,5b681228-6a38-4abb-b730-2fb0614e8d38-a68f8c19-d8c7-4cc3-8ee1-16c662b82c5a-r0-SendEmail-rh_ae-aid_bf83b409-3557-4ef2-ac9b-0d78d166f34c@odspnotify>"
